Charlotte , 0
Sophia , 1
Sophia , 2
Charlotte , 3
Michael , 4
Daniel , 5
Mohamed , 6
Jane , 7
Charlotte , 8
Sophia , 9
Jessica , 10
David , 11
Daniel , 12
Sophia , 13
Mohamed , 14
Jacob , 15
Charlotte , 16
Mohamed , 17
Daniel , 18
Emily , 19
Jessica , 20
James , 21
Mary , 22
John , 23
Mary , 24
Ethan , 25
Daniel , 26
Jacob , 27
Charlotte , 28
Ethan , 29
Ethan , 30
Sophia , 31
Mia , 32
Olivia , 33
Jacob , 34
Lucas , 35
Ethan , 36
James , 37
Olivia , 38
Jessica , 39
Matthew , 40
Michael , 41
Daniel , 42
Matthew , 43
Charlotte , 44
Mary , 45
Emma , 46
Matthew , 47
Charlotte , 48
Jessica , 49
John , 50
Emma , 51
Mia , 52
Sophia , 53
Mohamed , 54
Daniel , 55
Lucas , 56
Daniel , 57
Mohamed , 58
Emily , 59
Jessica , 60
Jane , 61
Mohamed , 62
Ethan , 63
John , 64
Charlotte , 65
Sarah , 66
Emily , 67
Charlotte , 68
Matthew , 69
James , 70
Jane , 71
Charlotte , 72
Matthew , 73
Mia , 74
James , 75
Jacob , 76
Michael , 77
Emily , 78
Sarah , 79
James , 80
David , 81
John , 82
John , 83
David , 84
Emily , 85
Mary , 86
Mohamed , 87
Olivia , 88
Matthew , 89
Ethan , 90
John , 91
Mia , 92
Jessica , 93
Ethan , 94
Emily , 95
Olivia , 96
John , 97
Jane , 98
Mary , 99
Daniel , 100
Charlotte , 101
Jacob , 102
John , 103
Mary , 104
Mohamed , 105
Ethan , 106
Jessica , 107
James , 108
Daniel , 109
Michael , 110
Ethan , 111
Charlotte , 112
Emma , 113
Emily , 114
Olivia , 115
Michael , 116
Lucas , 117
Ethan , 118
Lucas , 119
John , 120
Matthew , 121
Sarah , 122
Sophia , 123
Olivia , 124
James , 125
Michael , 126
Mia , 127
Sophia , 128
Mary , 129
David , 130
James , 131
Olivia , 132
David , 133
James , 134
Daniel , 135
Sarah , 136
Ethan , 137
Sophia , 138
Ethan , 139
Jessica , 140
Olivia , 141
Michael , 142
Michael , 143
Mary , 144
Emily , 145
Matthew , 146
James , 147
Emily , 148
James , 149
Charlotte , 150
Olivia , 151
James , 152
Michael , 153
Matthew , 154
Matthew , 155
Emma , 156
Jane , 157
Ethan , 158
John , 159
Mary , 160
Daniel , 161
Lucas , 162
David , 163
Jacob , 164
Emma , 165
Charlotte , 166
James , 167
Sophia , 168
Sophia , 169
Jacob , 170
Charlotte , 171
Ethan , 172
Olivia , 173
Mary , 174
David , 175
David , 176
Matthew , 177
Jacob , 178
Charlotte , 179
Jacob , 180
Jacob , 181
Ethan , 182
Jacob , 183
Sarah , 184
Michael , 185
Mary , 186
Sophia , 187
Emily , 188
Jacob , 189
Ethan , 190
Mohamed , 191
Michael , 192
David , 193
Sophia , 194
Mia , 195
Jacob , 196
Jacob , 197
David , 198
Mary , 199
Emma , 200
James , 201
Jacob , 202
Olivia , 203
Michael , 204
Michael , 205
Jacob , 206
Sarah , 207
Sarah , 208
Daniel , 209
John , 210
Olivia , 211
James , 212
Daniel , 213
Mia , 214
Ethan , 215
Michael , 216
Olivia , 217
Emma , 218
Sophia , 219
Michael , 220
Jane , 221
Jessica , 222
Olivia , 223
Olivia , 224
Jessica , 225
Michael , 226
Ethan , 227
Daniel , 228
Daniel , 229
Mohamed , 230
Sarah , 231
Olivia , 232
Lucas , 233
Sarah , 234
David , 235
Emma , 236
Olivia , 237
Sarah , 238
Ethan , 239
Mary , 240
Mary , 241
Sarah , 242
Sarah , 243
Daniel , 244
Sarah , 245
Olivia , 246
Daniel , 247
James , 248
Olivia , 249
David , 250
Mohamed , 251
Mary , 252
Mia , 253
Sophia , 254
Lucas , 255
Charlotte , 256
Matthew , 257
Michael , 258
Charlotte , 259
Daniel , 260
Mia , 261
Ethan , 262
John , 263
Mary , 264
Mia , 265
Sophia , 266
Jacob , 267
Sarah , 268
Mary , 269
Jane , 270
Emma , 271
Mary , 272
Emily , 273
Matthew , 274
Mia , 275
Emma , 276
Mia , 277
James , 278
Charlotte , 279
Lucas , 280
Lucas , 281
Emma , 282
Sarah , 283
David , 284
James , 285
David , 286
Ethan , 287
Ethan , 288
John , 289
David , 290
Ethan , 291
Jacob , 292
Lucas , 293
Sophia , 294
Jacob , 295
John , 296
Mary , 297
Jacob , 298
James , 299
Olivia , 300
Charlotte , 301
David , 302
David , 303
David , 304
Emily , 305
Daniel , 306
Matthew , 307
David , 308
Emily , 309
Daniel , 310
Jacob , 311
Michael , 312
Ethan , 313
James , 314
Charlotte , 315
Ethan , 316
David , 317
Olivia , 318
Lucas , 319
Emma , 320
Ethan , 321
Charlotte , 322
Sarah , 323
Daniel , 324
Emily , 325
David , 326
Sophia , 327
Mary , 328
Emily , 329
David , 330
Jacob , 331
Mohamed , 332
Charlotte , 333
Mary , 334
James , 335
Sophia , 336
Charlotte , 337
Ethan , 338
Mary , 339
Sophia , 340
Ethan , 341
Jane , 342
James , 343
Mia , 344
Ethan , 345
Mary , 346
Michael , 347
Olivia , 348
Mia , 349
Sarah , 350
Ethan , 351
Matthew , 352
Matthew , 353
Jessica , 354
Jessica , 355
James , 356
Jacob , 357
Mohamed , 358
Matthew , 359
Lucas , 360
Jane , 361
John , 362
John , 363
Charlotte , 364
Jane , 365
Mohamed , 366
John , 367
James , 368
Charlotte , 369
Olivia , 370
Sarah , 371
David , 372
John , 373
Jane , 374
John , 375
Matthew , 376
Lucas , 377
Mohamed , 378
Michael , 379
Emma , 380
Mia , 381
Matthew , 382
Lucas , 383
James , 384
Matthew , 385
Emily , 386
Mary , 387
Jane , 388
Mary , 389
Jacob , 390
Ethan , 391
Sarah , 392
Matthew , 393
Emily , 394
Emma , 395
Emily , 396
James , 397
Jacob , 398
Lucas , 399
Jane , 400
Olivia , 401
Jacob , 402
Lucas , 403
Emma , 404
John , 405
Daniel , 406
Ethan , 407
Ethan , 408
Jacob , 409
Jane , 410
Jane , 411
David , 412
Olivia , 413
Lucas , 414
John , 415
Jane , 416
Mary , 417
James , 418
Jacob , 419
Matthew , 420
Jessica , 421
Emily , 422
Matthew , 423
Sarah , 424
Emma , 425
Emily , 426
Matthew , 427
Jacob , 428
John , 429
Lucas , 430
Mohamed , 431
Matthew , 432
Daniel , 433
Mohamed , 434
Matthew , 435
Emma , 436
Matthew , 437
Sophia , 438
Mia , 439
Michael , 440
Charlotte , 441
Daniel , 442
Daniel , 443
Olivia , 444
Mohamed , 445
Olivia , 446
Jacob , 447
Lucas , 448
Daniel , 449
David , 450
Michael , 451
Emily , 452
Jessica , 453
Emily , 454
Lucas , 455
Michael , 456
Sophia , 457
Jacob , 458
Sophia , 459
Jacob , 460
Daniel , 461
Jacob , 462
Mia , 463
Olivia , 464
Sophia , 465
Ethan , 466
Mohamed , 467
Michael , 468
Olivia , 469
John , 470
Sarah , 471
Daniel , 472
Emma , 473
Sophia , 474
James , 475
David , 476
Olivia , 477
Charlotte , 478
Mary , 479
Sarah , 480
Jacob , 481
Charlotte , 482
James , 483
Michael , 484
Jacob , 485
Ethan , 486
Sarah , 487
Sophia , 488
Ethan , 489
Charlotte , 490
Charlotte , 491
Jane , 492
John , 493
Jane , 494
David , 495
Daniel , 496
Daniel , 497
Sarah , 498
Ethan , 499
Sarah , 500
Jacob , 501
Michael , 502
Emily , 503
Lucas , 504
Ethan , 505
Jane , 506
Jessica , 507
Jacob , 508
Lucas , 509
Jacob , 510
John , 511
Matthew , 512
David , 513
Daniel , 514
Lucas , 515
Charlotte , 516
James , 517
Olivia , 518
Olivia , 519
Mia , 520
Emma , 521
Michael , 522
Lucas , 523
Matthew , 524
Emma , 525
Olivia , 526
Jessica , 527
Mia , 528
Jessica , 529
Lucas , 530
Emma , 531
Mary , 532
Sarah , 533
Charlotte , 534
Emily , 535
Jacob , 536
Sarah , 537
Daniel , 538
Matthew , 539
Ethan , 540
Emily , 541
John , 542
Ethan , 543
Jacob , 544
Jacob , 545
Jane , 546
Olivia , 547
Mohamed , 548
Lucas , 549
Sarah , 550
Mary , 551
Sarah , 552
Jane , 553
James , 554
Michael , 555
David , 556
John , 557
Jessica , 558
Michael , 559
Mia , 560
Mohamed , 561
John , 562
Jane , 563
Ethan , 564
Olivia , 565
James , 566
Michael , 567
Mia , 568
Emma , 569
Mary , 570
David , 571
Emily , 572
Emma , 573
John , 574
David , 575
Matthew , 576
Sarah , 577
John , 578
Matthew , 579
David , 580
Sarah , 581
Olivia , 582
Daniel , 583
Charlotte , 584
Jane , 585
Mohamed , 586
Sophia , 587
Michael , 588
David , 589
Olivia , 590
Daniel , 591
Mia , 592
Mary , 593
Charlotte , 594
Emma , 595
John , 596
Jane , 597
Jane , 598
Jacob , 599
Mia , 600
Lucas , 601
Mia , 602
Mary , 603
Sarah , 604
Mia , 605
John , 606
Charlotte , 607
Emma , 608
Mia , 609
Lucas , 610
James , 611
Emma , 612
Mia , 613
John , 614
Sophia , 615
John , 616
Jessica , 617
Ethan , 618
Daniel , 619
Charlotte , 620
Jane , 621
Olivia , 622
Olivia , 623
Mohamed , 624
Jacob , 625
Lucas , 626
James , 627
Jane , 628
Mia , 629
David , 630
James , 631
John , 632
Emily , 633
Michael , 634
Jane , 635
Mohamed , 636
Mohamed , 637
Jane , 638
Mia , 639
Sophia , 640
Jessica , 641
Sophia , 642
Matthew , 643
Jane , 644
John , 645
Emily , 646
James , 647
David , 648
Jane , 649
Mohamed , 650
Daniel , 651
John , 652
Mohamed , 653
Sophia , 654
Jacob , 655
David , 656
Mohamed , 657
Jacob , 658
Mia , 659
Sarah , 660
David , 661
Jacob , 662
Emma , 663
Mia , 664
Emily , 665
Jane , 666
David , 667
Michael , 668
Mia , 669
Jessica , 670
Matthew , 671
David , 672
James , 673
Mohamed , 674
Jacob , 675
David , 676
Lucas , 677
James , 678
Michael , 679
Lucas , 680
Sophia , 681
Emily , 682
Sarah , 683
Lucas , 684
Matthew , 685
Charlotte , 686
Matthew , 687
Sarah , 688
Jacob , 689
Matthew , 690
Mary , 691
Sophia , 692
Jacob , 693
Matthew , 694
Mohamed , 695
Mary , 696
John , 697
David , 698
Mary , 699
Emily , 700
Jacob , 701
Matthew , 702
Mia , 703
Mohamed , 704
Olivia , 705
Emma , 706
Lucas , 707
Charlotte , 708
Ethan , 709
Jessica , 710
Michael , 711
Matthew , 712
Emily , 713
David , 714
Sophia , 715
Jessica , 716
Matthew , 717
Ethan , 718
Michael , 719
Olivia , 720
Michael , 721
John , 722
Matthew , 723
Jane , 724
David , 725
Jane , 726
Matthew , 727
Ethan , 728
Mohamed , 729
Sarah , 730
Ethan , 731
James , 732
Jane , 733
Olivia , 734
Ethan , 735
Jane , 736
Mary , 737
Olivia , 738
Jessica , 739
Lucas , 740
Charlotte , 741
Jacob , 742
John , 743
Daniel , 744
Michael , 745
Olivia , 746
Mohamed , 747
Mia , 748
Sarah , 749
Matthew , 750
James , 751
Jessica , 752
Michael , 753
Emily , 754
James , 755
Jacob , 756
Daniel , 757
Charlotte , 758
Daniel , 759
Jessica , 760
Ethan , 761
Olivia , 762
James , 763
Jacob , 764
Sarah , 765
Charlotte , 766
Jessica , 767
David , 768
Jacob , 769
Daniel , 770
Jessica , 771
Mary , 772
Emily , 773
James , 774
Michael , 775
Mohamed , 776
John , 777
Michael , 778
Jessica , 779
Jane , 780
Olivia , 781
Lucas , 782
Daniel , 783
James , 784
Jessica , 785
Olivia , 786
Sophia , 787
James , 788
Mary , 789
Matthew , 790
Mia , 791
Olivia , 792
Sarah , 793
Matthew , 794
Emma , 795
Emma , 796
Sarah , 797
Charlotte , 798
Jacob , 799
Jessica , 800
David , 801
Emily , 802
Lucas , 803
Jane , 804
Olivia , 805
Sophia , 806
Daniel , 807
Sarah , 808
Charlotte , 809
John , 810
Daniel , 811
Sophia , 812
Jane , 813
John , 814
Emily , 815
Daniel , 816
Charlotte , 817
Michael , 818
Mohamed , 819
Jacob , 820
David , 821
Jane , 822
David , 823
Jane , 824
Charlotte , 825
Daniel , 826
Olivia , 827
Ethan , 828
Jane , 829
Mia , 830
Jane , 831
John , 832
Mohamed , 833
Mary , 834
Emily , 835
Michael , 836
Jessica , 837
Sarah , 838
Lucas , 839
Ethan , 840
Matthew , 841
Olivia , 842
James , 843
Mia , 844
Sarah , 845
Daniel , 846
Michael , 847
Olivia , 848
Lucas , 849
Daniel , 850
Emily , 851
Jessica , 852
Michael , 853
Emma , 854
Emily , 855
Charlotte , 856
Jessica , 857
Ethan , 858
Sarah , 859
Jacob , 860
Charlotte , 861
Matthew , 862
Michael , 863
Ethan , 864
Matthew , 865
Sarah , 866
Daniel , 867
John , 868
Emily , 869
Sarah , 870
Matthew , 871
Olivia , 872
Olivia , 873
Michael , 874
Sophia , 875
Sarah , 876
Olivia , 877
Sarah , 878
Mia , 879
Sophia , 880
Sophia , 881
Emma , 882
Ethan , 883
Sophia , 884
Mohamed , 885
Sophia , 886
Sophia , 887
Ethan , 888
Sarah , 889
Sarah , 890
Michael , 891
Sarah , 892
Charlotte , 893
John , 894
Daniel , 895
James , 896
Lucas , 897
John , 898
Matthew , 899
Mohamed , 900
Sophia , 901
Lucas , 902
Sophia , 903
Olivia , 904
Matthew , 905
Sarah , 906
John , 907
David , 908
Daniel , 909
Sophia , 910
Jessica , 911
Charlotte , 912
Michael , 913
Mia , 914
Ethan , 915
John , 916
Sophia , 917
Jane , 918
Emma , 919
Matthew , 920
Mohamed , 921
Jacob , 922
Jessica , 923
Lucas , 924
Jessica , 925
Emma , 926
Sophia , 927
John , 928
Ethan , 929
Mary , 930
Jane , 931
Jessica , 932
Jacob , 933
Emily , 934
Olivia , 935
Sarah , 936
Mohamed , 937
Emma , 938
Mohamed , 939
Mary , 940
Michael , 941
David , 942
Jessica , 943
Olivia , 944
Daniel , 945
Lucas , 946
Daniel , 947
Daniel , 948
Sophia , 949
Mohamed , 950
Mohamed , 951
Emma , 952
Matthew , 953
Sarah , 954
Ethan , 955
Charlotte , 956
Lucas , 957
Jessica , 958
Sarah , 959
Emily , 960
David , 961
Sarah , 962
Mohamed , 963
David , 964
Mary , 965
Jacob , 966
Daniel , 967
Jane , 968
Michael , 969
Sophia , 970
Lucas , 971
Emily , 972
Mary , 973
Jacob , 974
Matthew , 975
Mary , 976
James , 977
Jane , 978
Sarah , 979
Jacob , 980
Jane , 981
Jacob , 982
Jessica , 983
James , 984
Sophia , 985
Lucas , 986
Sophia , 987
Sophia , 988
James , 989
David , 990
Michael , 991
Matthew , 992
Sarah , 993
Charlotte , 994
Mohamed , 995
Daniel , 996
Mia , 997
Emily , 998
Emily , 999
